{"sizes": [100, 500, 1000, 2000], "average_execution_times": [0.16176986694335938, 0.004701471328735352, 0.03181028366088867, 0.18725130558013914]}